Emmey,Makin,emakin0@sohu.com
Joey,Leblanc,jleblanc1@disqus.com
Caterina,Di Bartolommeo,cdibartolommeo2@marketwatch.com
Samaria,Gahagan,sgahagan3@rakuten.co.jp
Adelaide,Ashbrook,aashbrook4@about.me
Jacky,Yeates,jyeates5@booking.com
Retha,Liggons,rliggons6@senate.gov
Tabitha,Dressel,tdressel7@flavors.me
Kenton,Tether,ktether8@mayoclinic.com
Reade,Magner,rmagner9@naver.com
Tana,Gasnoll,tgasnolla@cmu.edu
Pete,Gritsunov,pgritsunovb@wikipedia.org
Elianora,Schafer,eschaferc@networkadvertising.org
Sigvard,Goding,sgodingd@nytimes.com
Claude,Whelband,cwhelbande@google.ca
Davon,Quarrell,dquarrellf@yolasite.com
Verne,Gregory,vgregoryg@disqus.com
Corabelle,Spaughton,cspaughtonh@com.com
Janina,Macourek,jmacoureki@nbcnews.com
Candis,Vanner,cvannerj@arstechnica.com
Robbie,Gammidge,rgammidgek@webs.com
Babb,Giller,bgillerl@cdbaby.com
Glennis,Skocroft,gskocroftm@forbes.com
Kerwinn,Lestor,klestorn@geocities.jp
Stevy,Matt,smatto@rambler.ru
Sibelle,Feldklein,sfeldkleinp@apache.org
Kacie,Schneidar,kschneidarq@narod.ru
Glenn,Rapsey,grapseyr@networkadvertising.org
Ferrell,Gayther,fgaythers@ted.com
Pren,Lauder,plaudert@flavors.me
Edmon,Malmar,emalmaru@delicious.com
Maryjo,Rumens,mrumensv@vimeo.com
Madella,Goulston,mgoulstonw@zdnet.com
Jacob,Limbourne,jlimbournex@squidoo.com
Shurlock,Wisedale,swisedaley@chicagotribune.com
Raul,Raiker,rraikerz@illinois.edu
Falito,Webster,fwebster10@soup.io
Gwennie,Skelhorn,gskelhorn11@aol.com
Sunshine,Gailor,sgailor12@meetup.com
Ciro,Gorton,cgorton13@fotki.com
Wilhelmine,Reidie,wreidie14@parallels.com
Devland,Sallowaye,dsallowaye15@netscape.com
Prudy,Gillfillan,pgillfillan16@chicagotribune.com
Verla,Gabbot,vgabbot17@sakura.ne.jp
Rodolfo,Kidds,rkidds18@last.fm
Ezequiel,Blumsom,eblumsom19@sina.com.cn
Raff,Landeg,rlandeg1a@furl.net
Annaliese,Falks,afalks1b@blinklist.com
Gloriane,Imms,gimms1c@privacy.gov.au
Meredith,Queste,mqueste1d@i2i.jp
Clemmy,Aries,caries1e@t.co
Pacorro,Gunderson,pgunderson1f@eepurl.com
Emmy,Simco,esimco1g@un.org
Iago,Jephson,ijephson1h@wikimedia.org
Christean,Tideswell,ctideswell1i@diigo.com
